query,clicks,impressions,ctr,position
anos voldigoad,1,1318,0.00076,10.9
bun manga,1,428,0.00234,5.53
david martinez cyberpunk,0,398,0,10.06
mina ashiro,0,350,0,10.9
ken kaneki,0,311,0,13.12
full bloom manga,21,281,0.07473,3.88
gloria martinez,0,262,0,9.49
pairin,0,244,0,7.56
julius novachrono,0,204,0,11.96
kaneki,0,179,0,12.92
will serfort,0,173,0,9.8
henai,3,164,0.01829,5.26
falco grice,0,158,0,9.22
giyuu tomioka,0,144,0,11.68
sia wolcott,4,141,0.02837,3.3
roswaal,0,136,0,9.23
subaru hoshina,0,136,0,10.82
jinshi,0,114,0,10.89
alexia midgar,0,105,0,8.21
togata,0,104,0,10.72
easthies,0,103,0,9.69
gaoshun,0,100,0,7.32
finral black clover,0,96,0,10.51
celliss morton,1,95,0.01053,5.46
yumiella dolkness,0,84,0,9.29
tartah witch hat atelier,0,82,0,8.2
pairin apothecary diaries,0,80,0,7.4
kuroe akaishi,0,78,0,9.72
david martinez,0,77,0,14.66
sanemi shinazugawa,0,76,0,10.99
yuru,0,74,0,10.22
xv manga online,0,73,0,4.04
finral,0,71,0,9.94
frederica re zero,0,71,0,9.77
narnia-koku monogatari: majutsushi no oi,1,69,0.01449,3.22
roswaal re zero,0,66,0,11.06
gabi braun,0,65,0,12.37
easthies witch hat atelier,0,64,0,9.59
iron michael,0,61,0,7.3
arisu alice in borderland,0,59,0,14.31
nomu,0,53,0,15.72
henry henderson,0,52,0,10.73
esil radiru,0,51,0,11.57
gabby daemons of the shadow realm,0,51,0,7.73
sebas overlord,0,51,0,8.67
mina ashiro kaiju,0,50,0,8.08
shallow vernal,0,50,0,8.86
togata fire punch,0,50,0,12.22
dadan one piece,0,49,0,12.69
eiji date,0,49,0,8.59
tomioka demon slayer,0,49,0,11.37
alaira witch hat atelier,0,48,0,10.08
lee sayoung,0,48,0,7.4
melissa moretti,0,47,0,9.23
arataka reigen,0,45,0,14.22
noel stollen,1,44,0.02273,9.05
claire kagenou,0,44,0,10.18
granart needakitta,0,44,0,6.91
tsubaki sawabe,0,44,0,7.2
yoshiki tsujinaka,0,44,0,10.16
gaku sousei,0,43,0,8.05
giyuu,0,41,0,13.44
rafal orb,0,41,0,8.37
apothecary diaries gaoshun,0,40,0,8.12
schierke,0,40,0,10.15
yuuichi katagiri,0,39,0,12.49
olruggio witch hat atelier,0,37,0,9.41
yuru daemons of the shadow realm,0,37,0,9.51
david cyberpunk,0,36,0,11.53
it's strictly business manga,0,35,0,6.97
julius black clover,0,35,0,13.71
damekko mii chan,2,34,0.05882,6.76
schierke berserk,0,34,0,8.32
dorio cyberpunk,0,33,0,11.88
heisuke mashimo,0,33,0,9.27
jin daemons of the shadow realm,0,33,0,9
kento miura,0,33,0,9.42
tetia,0,33,0,14.21
witch hat atelier easthies,0,32,0,10.38
daemons of the shadow realm gabby,0,31,0,8.77
desscaras,0,31,0,9.97
elymas edvan,0,31,0,6.68
gaoshun apothecary diaries,0,31,0,6.45
joshua runcandel,0,31,0,8
tetia witch hat atelier,0,31,0,11.06
asako the summer hikaru died,0,30,0,6.97
chiron runcandel,0,30,0,8.37
gideon ragnason anime,0,30,0,7.63
sanemi,0,30,0,14.33
daemons of the shadow realm yuru,0,29,0,11.86
overlord sebas,0,29,0,10.93
witch hat atelier tartah,0,29,0,7.86
gilda bad born blood,3,28,0.10714,4.07
finral roulacase,0,27,0,8.48
gabby chan daemons of the shadow realm,0,27,0,7.15
monegold,0,27,0,4.3
saitama character,0,27,0,12.44
full bloom manga okinaga,1,26,0.03846,7.58
asa daemons of the shadow realm,0,26,0,7.65
hubert orb,0,26,0,6.96
jolenta orb,0,26,0,7.85
oczy orb,0,26,0,6.5
olruggio,0,26,0,13.69
reigen arataka,0,26,0,14.42
yuzuki nanase,0,26,0,8.04
daemons of the shadow realm asa,0,25,0,7.84
genya height,0,25,0,9.36
illumi zoldyck,0,25,0,18.32
mina kaiju,0,25,0,9.16
olruggio manga,0,25,0,9.64
gloria martinez cyberpunk,0,24,0,9.08
jiruo,0,24,0,9.21
jo gul,0,24,0,4.42
joel gear dr stone,0,24,0,6.46
kagemori jin,0,24,0,7.79
nobisuke nobi,0,24,0,9.92
olruggio birthday,0,24,0,8.62
ppodong,0,24,0,5.96
shinazugawa,0,24,0,13.29
silva zoldyck,0,24,0,19.25
witch hat atelier olruggio,0,24,0,10.17
alma judikhali,0,23,0,6.74
faraday cyberpunk,0,23,0,12.22
gumi chocolate pine,0,23,0,10.09
hidenori tabata,0,23,0,8.83
himizu manga,0,23,0,10.91
isidro berserk,0,23,0,7.7
reigen mob psycho,0,23,0,12.17
bad born blood gilda,4,22,0.18182,3.68
jo gul mount hua,0,22,0,7.09
olly witch hat atelier,0,22,0,10.64
rentt faina,0,22,0,8.64
rita kindergarten wars,0,22,0,6.59
tear slime,0,22,0,7.36
tome kurata,0,22,0,11.32
zombieman one punch man,0,22,0,11
wim strauss,2,21,0.09524,4.67
gloria cyberpunk,0,21,0,10.1
majikaja,0,21,0,9.62
saitama,0,21,0,24.95
sebas tian,0,21,0,8.52
when is olruggios birthday,0,21,0,9.29
manhwa index,7,20,0.35,1.55
yakuza lover manga,1,20,0.05,8
.. . . .. . ricardo re,0,20,0,9
black clover julius novachrono,0,20,0,12.3
esil solo leveling,0,20,0,13.3
joel dr stone,0,20,0,7.4
opera welcome to demon school,0,20,0,7.75
solo leveling esil,0,20,0,13.85
teruki hanazawa,0,20,0,10.3
urd geales,0,20,0,7.9
alice in borderland arisu,0,19,0,16.11
cyberpunk david,0,19,0,13.58
fire punch togata,0,19,0,9.74
nanami aoyama,0,19,0,8.42
re zero frederica,0,19,0,12.32
tartah,0,19,0,8.47
yumiella,0,19,0,8.53
atsumari,0,18,0,6.83
desscaras ichi the witch,0,18,0,15.06
fubuki the elusive samurai,0,18,0,4.89
jikishirone,0,18,0,9.44
kaiju no 8 mina,0,18,0,10.28
kakase,0,18,0,6.78
lloyd de saloum,0,18,0,17
master reigen,0,18,0,9.56
nanase yuzuki,0,18,0,10.06
oz vessalius,0,18,0,11.67
tsujinaka yoshiki,0,18,0,7.17
itoshiki mirai ni kuroi tsurugi wo,8,17,0.47059,3.88
the unparalleled black & white where to watch,1,17,0.05882,5.47
black clover finral,0,17,0,13.94
chianti detective conan,0,17,0,9.94
heisuke sakamoto days,0,17,0,9.71
jin kagemori,0,17,0,6.41
opera iruma kun,0,17,0,8.53
re zero roswaal,0,17,0,13.18
sanemi demon slayer,0,17,0,15.41
thanatos skeleton knight,0,17,0,6.94
the apothecary diaries gaoshun,0,17,0,7.94
tomohisa kaname,0,17,0,1
is it my fault that i got bullied manga,6,16,0.375,1.69
alpha the eminence in shadow,0,16,0,11.19
angel aaltonen,0,16,0,7.38
genya shinazugawa,0,16,0,22.44
hatsune shimizu,0,16,0,7.12
henderson spy x family,0,16,0,10.5
integra fairbrook wingates hellsing,0,16,0,9.88
jorge pikale,0,16,0,5.56
kindergarten wars rita,0,16,0,6.56
miyata,0,16,0,14.88
rengoku no toshi,0,16,0,8.25
sanoba,0,16,0,6.94
shibusawa,0,16,0,12.31
sir integra fairbrook wingates hellsing,0,16,0,15.44
tome mob psycho,0,16,0,8.69
yarandrala,0,16,0,6.81
yuri briar height,0,16,0,9.69
akaishi kuroe,0,15,0,9
apothecary diaries pairin,0,15,0,7.2
bocchan,0,15,0,8
chihiro rokuhira,0,15,0,20.8
date eiji,0,15,0,12.4
frederica rezero,0,15,0,9.93
granart,0,15,0,6.4
iron micheal,0,15,0,7.67
kanade beast tamer,0,15,0,9.13
lloyd 7th prince,0,15,0,8.93
mina ashiro kaiju no.8,0,15,0,9.8
moritonio,0,15,0,9.07
toki ninomae,0,15,0,5.67
full bloom okinaga,2,14,0.14286,10.21
akihiko kaji,0,14,0,10.86
anos anime character,0,14,0,8.36
ashiro mina,0,14,0,10.36
daryun,0,14,0,6.64
demon slayer tomioka,0,14,0,10.5
hoshina subaru,0,14,0,9.71
how old is poe bsd,0,14,0,10.07
is tartah colorblind,0,14,0,7.64
julius novachrono height,0,14,0,8.29
kiss shite killer tune,0,14,0,7.79
kristal garson,0,14,0,2.93
mashirao ojiro,0,14,0,9.21
merry go round manhwa,0,14,0,8.79
opera iruma,0,14,0,10.71
phantom cerberus,0,14,0,5.71
rinne amagane,0,14,0,8.64
rudersdorf tanya,0,14,0,9.29
sylvia sherwood,0,14,0,10.14
welcome to demon school opera,0,14,0,7.5
where to watch manhwa anime,0,14,0,8.21
jewelpet sapphie,1,13,0.07692,5.69
agari komi can't communicate,0,13,0,8.62
asahi to satsuki manga,0,13,0,7.92
cyberpunk gloria,0,13,0,9.23
frederica baumann,0,13,0,8.08
fubuki elusive samurai,0,13,0,7.92
hajime no ippo date,0,13,0,7.62
hector doyle,0,13,0,7.85
ichi the witch desscaras,0,13,0,13.92
mechania,0,13,0,6.69
mina ashiro kaiju no 8,0,13,0,13.15
miyagi shiori birthday,0,13,0,4.92
percival seven deadly sins,0,13,0,10.23
theatre of darkness: yamishibai 16,0,13,0,5.15
tomioka giyuu,0,13,0,17.23
bad born blood grace,2,12,0.16667,2.42
manga index,2,12,0.16667,3.25
anos demon king,0,12,0,9.75
beelzebub make the exorcist fall in love,0,12,0,6.08
black clover julius,0,12,0,15.33
fake asa daemons of the shadow realm,0,12,0,7.17
giyu tomioka,0,12,0,51.58
himiko agari,0,12,0,9.08
iglaskar,0,12,0,6.33
joe william frederic gabriel i,0,12,0,7
kaneki tokyo ghoul,0,12,0,19.67
luna runcandel,0,12,0,6.5
manhwa characters,0,12,0,14.42
miya chinen,0,12,0,13.17
novachrono,0,12,0,11
oingo jojo,0,12,0,11.92
phobio slime,0,12,0,7.25
ppodong greatest estate developer,0,12,0,7.5
ricardo re zero,0,12,0,7.17
rinri versus,0,12,0,6.83
shiho sawaragi,0,12,0,9.25
shin a sign of affection,0,12,0,7.33
sounds of earth umamusume,0,12,0,8.83
stroheim jojo,0,12,0,15.25
subaru the fragrant flower blooms with dignity,0,12,0,10.42
tatsuhiko shibusawa,0,12,0,14.42
the apothecary diaries pairin,0,12,0,6.75
witch hat atelier alaira,0,12,0,8.17
grace bad born blood,1,11,0.09091,2.45
watashi no kuro-chan,1,11,0.09091,5.45
yakyuu shoujo,1,11,0.09091,5.18
agari himiko,0,11,0,5.27
berserk schierke,0,11,0,7.36
captain harlock,0,11,0,10.55
chihiro kagurabachi,0,11,0,20.73
cyberpunk gloria martinez,0,11,0,9.27
doyle baki,0,11,0,13.55
gaoshun age,0,11,0,9.91
how old is klaus black clover,0,11,0,8
how old is ritsu kageyama,0,11,0,12.73
iruma kun opera,0,11,0,10.36
jiruo made in abyss,0,11,0,9.36
jo geol,0,11,0,5.64
jojo messina,0,11,0,5.73
kaja made in abyss,0,11,0,9.27
klaus black clover,0,11,0,9.73
kousei arima,0,11,0,16.91
lee sa young,0,11,0,8.64
make the exorcist fall in love beelzebub,0,11,0,7.18
orb hubert,0,11,0,5
ryohei arisu,0,11,0,16.09
saku natsusawa manga,0,11,0,6.36
seon manhwa,0,11,0,6.27
seventh prince lloyd,0,11,0,9.27
shizuku mizutani,0,11,0,6.45
subaru flower blooms with dignity,0,11,0,8.09
tomioka,0,11,0,15
yuri briar age,0,11,0,11.09
index manhwa,6,10,0.6,1
bad born blood lilian ramones,3,10,0.3,2.8
anos anime name,1,10,0.1,10.1
"+""jin seon"" ""glass eye""",0,10,0,3.5
agott,0,10,0,12.6
anos voldigoad anime name,0,10,0,8.9
anos voldigod,0,10,0,8.4
arisu,0,10,0,21.4
bagramon,0,10,0,9.1
chikyuu saigo no hi kokuhaku suru hanashi,0,10,0,4.7
elymas edvaugh,0,10,0,6.6
emalia steinbart,0,10,0,6.8
emile spy x family,0,10,0,9.2
ephtal,0,10,0,8
full bloom manga okinaga umanosuke,0,10,0,4.4
griffith,0,10,0,30.1
hide and seek manhwa,0,10,0,5
hikaru indou,0,10,0,9.7
ironfist chinmi,0,10,0,7.9
kuroe akaishi age,0,10,0,4.7
lakan,0,10,0,15.4
leonica ragna crimson,0,10,0,9.7
ma dong-wook,0,10,0,8.8
majikaja made in abyss,0,10,0,9.7
mob psycho tome,0,10,0,13.1
naiobi,0,10,0,5.5
orb on the movements of the earth rafal,0,10,0,7.8
patrick ashbatten,0,10,0,7.7
phobio that time i got reincarnated as a slime,0,10,0,8.1
pochi one punch man,0,10,0,8.1
ruti ragnason,0,10,0,9.7
shalsha,0,10,0,7.5
the eminence in shadow alpha,0,10,0,12.1
yobou banka,0,10,0,8
yuuichi katagiri manga,0,10,0,11.6
yura onoda,2,9,0.22222,6
amako the wrong way to use healing magic,1,9,0.11111,7.44
aldebaran re zero,0,9,0,11.78
alice lendrott,0,9,0,7.56
asa daemons,0,9,0,9.33
cyberpunk david martinez,0,9,0,10.33
dan ichikura,0,9,0,3.67
eld gin,0,9,0,8.11
eris height,0,9,0,6.67
falco aot,0,9,0,16.89
falco grice age,0,9,0,9.67
fionil,0,9,0,8.22
fragrant flower blooms with dignity subaru,0,9,0,9
hideyoshi nagachika,0,9,0,10.44
hinako hanaba,0,9,0,7.78
hiroko seto,0,9,0,8.89
how old is gabi braun,0,9,0,9.33
hwang dong soo,0,9,0,10.22
integra wingates hellsing,0,9,0,19.22
jamil viper height,0,9,0,6.78
kaname kuran,0,9,0,20.11
kaneki ken,0,9,0,29.67
kenichi shigure age,0,9,0,9.33
kento from me to you,0,9,0,6
lee sa young manhwa,0,9,0,2.78
locus berserk,0,9,0,11.67
mob psycho reigen,0,9,0,26.33
mob psycho teru,0,9,0,13.44
nomu mha,0,9,0,24.22
onimusha twilight of desire,0,9,0,7.78
orb rafal,0,9,0,6.78
osananajimi wo miru manga online,0,9,0,8.67
prison break manhwa,0,9,0,7.67
ra devil,0,9,0,6.33
skeleton knight in another world thanatos,0,9,0,5.78
suwa yorishige death,0,9,0,42.44
tatsukichi hayama,0,9,0,8.89
teppei toriko,0,9,0,6.33
teria wang,0,9,0,8
teru mob psycho,0,9,0,13.67
thanatos sylvius hilk,0,9,0,4.11
that time i got reincarnated as a slime tear,0,9,0,10
the misfit of demon king academy anos,0,9,0,14.67
tokyo ghoul kaneki,0,9,0,20.89
usami the fragrant flower blooms with dignity,0,9,0,8.89
vesta slime,0,9,0,7.56
wha tartah,0,9,0,7.11
where to watch umamusume,0,9,0,10.67
witch hat atelier estheath,0,9,0,9.56
wizard king julius,0,9,0,9.33
yuka kimi ni todoke,0,9,0,7.56
zachary de arno,0,9,0,5.56
zeke manhwa,0,9,0,8.11
banished from the hero's party yarandrala,1,8,0.125,8.38
heavy lifting manhwa,1,8,0.125,7
park jong soo solo leveling,1,8,0.125,7.25
alexia midgar the eminence in shadow,0,8,0,12.12
alias arisu,0,8,0,6
alpha eminence in shadow,0,8,0,9.62
anis voldigoad,0,8,0,12.5
ashita no nadja rita,0,8,0,7.38
audrey hall,0,8,0,22
daemons of the shadow realm jin,0,8,0,10.38
dr stone joel,0,8,0,7.38
falco attack on titan,0,8,0,17
falco grice titan,0,8,0,11.88
full bloom manhwa,0,8,0,3.25
fumiya kindo,0,8,0,10.38
granart tales of wedding rings,0,8,0,5.75
han du sik sweet home,0,8,0,9
illumi height,0,8,0,12.88
kaiju girl caramelise kuroe,0,8,0,10.25
keichiro,0,8,0,5.88
kibe rent a girlfriend,0,8,0,8.38
laios,0,8,0,21.62
leader made in abyss,0,8,0,7.88
lee seyoung manhwa,0,8,0,5.5
minami sagami,0,8,0,7.62
murdoch swan spy x family,0,8,0,7.75
opera welcome to demon school! iruma-kun,0,8,0,7.12
pairin the apothecary diaries,0,8,0,5.62
percival four knights of the apocalypse,0,8,0,9.38
pikale,0,8,0,6.38
ram re: zero - starting life in another world,0,8,0,4
ruomen,0,8,0,6.5
shuuniichido_classmate_wo_kau_hanashi,0,8,0,5.38
skeleton knight thanatos,0,8,0,6.62
tartar witch hat atelier,0,8,0,11.38
tokyo ghoul main character,0,8,0,21.12
touko yonera,0,8,0,7.62
wilhelm re zero,0,8,0,13.75
your lie in april characters,0,8,0,1.62
zombieman,0,8,0,17.25
kirawaremono no ore wa yarinaoshi no sekai de giteitachi ni goma wo suru,4,7,0.57143,3.14
mii chan and miss yamada,2,7,0.28571,8.71
hop step jump manga,1,7,0.14286,7.71
the do-over damsel conquers the dragon emperor manga,1,7,0.14286,4.29
1 x 1/2 manga,0,7,0,9
alexia eminence in shadow,0,7,0,9.86
alicia ehnleit,0,7,0,8.14
all for one,0,7,0,9
alma gokurakugai,0,7,0,8.57
aoyama nanami,0,7,0,5.86
asako yamagishi,0,7,0,7.57
bae won woo hunter,0,7,0,4
berserk isidro,0,7,0,7.29
charles choi lookism,0,7,0,10
damekko mi-chan,0,7,0,7.57
doppo kunikida,0,7,0,25.14
dorio edgerunner,0,7,0,6.43
eji date,0,7,0,8.71
falfa,0,7,0,8
farming life in another world flora,0,7,0,8.71
giyuu demon slayer,0,7,0,13.43
hablog,0,7,0,5.71
hannes attack on titan,0,7,0,15.43
haruka ogasawara,0,7,0,8.57
horangi deureowayo,0,7,0,17.14
how old is eiji date,0,7,0,9.86
how old is roswaal re zero,0,7,0,9.14
i was reincarnated as the 7th prince main character,0,7,0,8
integra hellsing,0,7,0,30
isis remnant,0,7,0,7.43
ito nishimiya,0,7,0,14.14
its strictly business manga,0,7,0,11.43
ivis necron,0,7,0,7.14
izou masubuchi,0,7,0,3.71
jack fire punch,0,7,0,6.43
kache needy girl overdose,0,7,0,6.43
katagiri yuuichi,0,7,0,10.86
keiji itami kaiju,0,7,0,7.71
kotobuki grand blue,0,7,0,7.14
luke valentine hellsing,0,7,0,16.71
made in abyss jiruo,0,7,0,10.86
made in abyss kaja,0,7,0,8.43
magical girl apocalypse yoruka,0,7,0,3.86
master mollang,0,7,0,6.86
melheis boran,0,7,0,8.14
melissa lord of mysteries,0,7,0,9.71
mob psycho 100 reigen,0,7,0,23.29
nebulim,0,7,0,7.14
noel stollen anime name,0,7,0,10.71
opera anime character,0,7,0,8.86
pairin apothecary,0,7,0,7.57
rie kurebayashi,0,7,0,7.43
rising impact lancelot,0,7,0,4
rudol von stroheim,0,7,0,14.14
ryōhei arisu,0,7,0,22
saitama one punch man,0,7,0,31.71
sasha sao,0,7,0,7.43
shadow sk8,0,7,0,16.14
shiho tomodachi game,0,7,0,8.71
shin iryuu,0,7,0,7.14
souka slime,0,7,0,7.57
subaru fragrant flower,0,7,0,8.14
that time i got reincarnated as a slime phobio,0,7,0,9.71
the boxer manhwa anime,0,7,0,6
the fragrant flower blooms with dignity natsusawa,0,7,0,6
what is sebas overlord,0,7,0,10
when is olruggio birthday,0,7,0,8.14
yuru daemons,0,7,0,7.86
zeke manhwa character,0,7,0,4.86
tenshi anime site,2,6,0.33333,3.5
full bloom okinaga umanosuke,1,6,0.16667,20.5
lloyd de saloum manga,1,6,0.16667,8
night on the galactic railroad manga,1,6,0.16667,4.5
a sign of affection oushi,0,6,0,6.33
a sign of affection shin,0,6,0,7.5
a silent voice satoshi,0,6,0,10.83
agari komi,0,6,0,11
airen pereira,0,6,0,3.83
ajin kei,0,6,0,23.67
alucard manga,0,6,0,8.67
anos voldigoad from the misfit of demon king academy,0,6,0,7.67
anton sonic,0,6,0,8.5
ares srowa,0,6,0,8.67
bobasa,0,6,0,6.5
brenda the hedgehog,0,6,0,10.17
chianti conan,0,6,0,9.67
chihiro rokuhira height,0,6,0,13.67
chishiya alice in borderland,0,6,0,34
cyberpunk edgerunners gloria martinez,0,6,0,9.67
damekko mi chan,0,6,0,9
dorio cyberpunk: edgerunners,0,6,0,8.5
drakon magi,0,6,0,13.33
elusive samurai fubuki,0,6,0,7.5
elymas edvaughn,0,6,0,7.83
esil radiru solo leveling,0,6,0,10.17
fran elaina,0,6,0,5.5
franky franklin,0,6,0,23.83
franky spy x family,0,6,0,15.5
gabby anime,0,6,0,8.83
gabby chan daemons,0,6,0,4
gao hai code geass,0,6,0,9
gerald gorey spy x family,0,6,0,8.17
ginrou,0,6,0,6.67
given drummer,0,6,0,8.5
gloria bernhart,0,6,0,5.67
hanazawa mob psycho,0,6,0,10.17
hideo suzuki,0,6,0,1.67
hiroko seto your lie in april,0,6,0,8.5
how tall is genya,0,6,0,12
hubert orb on the movements of the earth,0,6,0,11.67
hwang dong-soo,0,6,0,8.67
ininia,0,6,0,7.33
irene pereira manhwa,0,6,0,4.83
issei miyata,0,6,0,8.5
kageyama ritsu,0,6,0,7.5
kakushite makina-san characters,0,6,0,5.67
kei nagai ajin,0,6,0,8
klaus black clover age,0,6,0,7.83
klaus lunettes,0,6,0,10.5
lilian ramones,0,6,0,1.83
lloyd the 7th prince,0,6,0,8.17
lord gennon,0,6,0,14
ma dong wook,0,6,0,10.33
ma dongwook,0,6,0,9.17
manhwa deb,0,6,0,7.17
manhwa henai,0,6,0,9
manhwa read index,0,6,0,2.5
mina ashiro birthday,0,6,0,9
mina ashiro kaiju no. 8,0,6,0,9
misa misfit of demon king academy,0,6,0,7.33
miya sk8,0,6,0,22.33
mob psycho 100 tome,0,6,0,24.83
murdoch swan,0,6,0,6.83
natsusawa fragrant flower,0,6,0,13.67
nozomu okaya,0,6,0,7.67
oczy orb on the movements of the earth,0,6,0,14
olruggios birthday,0,6,0,8.17
omorai,0,6,0,6.17
oushi a sign of affection,0,6,0,12
pochi opm,0,6,0,9.5
pokemon adventure yellow,0,6,0,7.83
reika manga,0,6,0,6
rent a girlfriend kibe,0,6,0,7.17
roswal,0,6,0,9.33
sabadol,0,6,0,3.83
saku the fragrant flower blooms with dignity,0,6,0,9.5
satoshi mashiba,0,6,0,7.5
sebas tian overlord,0,6,0,11.17
shutter flutter manga,0,6,0,18.5
sonic brenda,0,6,0,7.5
takuto kaneshiro,0,6,0,7
tetia manga,0,6,0,5.17
the boxer manhwa characters,0,6,0,6.67
the elusive samurai fubuki,0,6,0,8.33
the fragrant flower blooms with dignity subaru hoshina,0,6,0,8.83
the summer hikaru died yoshiki,0,6,0,15.5
tokyo ghoul ken kaneki,0,6,0,17.67
tomomi nomiya,0,6,0,12.17
towa amane,0,6,0,7
ui hirasawa,0,6,0,6.33
veldora height,0,6,0,7.67
vittel magi,0,6,0,6.83
welcome to demon school iruma kun opera,0,6,0,7.5
where is david from cyberpunk,0,6,0,10
will serfort height,0,6,0,6.83
yakuza lover manga free,0,6,0,14.5
yuki aiba,0,6,0,6.33
kirawaremono no ore ha yarinaoshi no sekai de giteitachi ni goma wo suru,2,5,0.4,6.6
naruto road to ninja manga,2,5,0.4,5.6
chikaru,1,5,0.2,3.6
chiyo yanaoka,1,5,0.2,8.8
horangi deureowayo anime,1,5,0.2,21.4
lilian ramones bad born blood,1,5,0.2,3.2
navillera manhwa,1,5,0.2,10.4
where to watch pokemon generations,1,5,0.2,8.2
"""jin seon"" ""glass eye""",0,5,0,3.8
4 cut hero gyel,0,5,0,7.6
aisyeo,0,5,0,5.2
aki hinata,0,5,0,7
alieze de saloum,0,5,0,11.2
alpha rebuild world,0,5,0,5.8
ann farming life in another world,0,5,0,3.6
anos character anime,0,5,0,8.4
anton veruca,0,5,0,7.6
arima kousei,0,5,0,27.8
arthur hellsing,0,5,0,9.2
asuka fairy tail,0,5,0,7
bachira,0,5,0,55.4
bachira blue lock,0,5,0,15.4
beast tamer kanade,0,5,0,6.4
boku to kanojo no meguru isekai,0,5,0,7.2
boruto uzumaki,0,5,0,32.6
cain manhwa character,0,5,0,5
celliss,0,5,0,5.2
cheongmun,0,5,0,4
chrono black clover,0,5,0,8
cyberpunk edgerunners main character,0,5,0,16.4
daemon of the shadow realm gabby,0,5,0,6.6
date hajime no ippo,0,5,0,13.6
davernoch,0,5,0,9.2
dig it manga characters,0,5,0,8.2
easthies wha,0,5,0,15.6
echizen tanaka,0,5,0,4.8
echizen tanaka kun,0,5,0,3.6
eiji beck,0,5,0,5.2
eiji kimura,0,5,0,3.4
eld aot,0,5,0,7.4
elise de clorance,0,5,0,8.4
elsaria ubel blatt,0,5,0,4.2
eminence in shadow alexia,0,5,0,17.2
esil radiru solo leveling ragnarok,0,5,0,8.6
fairy tail asuka,0,5,0,12.4
falco brother,0,5,0,9.2
fia ruud,0,5,0,6.2
fire punch jack,0,5,0,7.6
flora farming life in another world,0,5,0,5
franky franklin height,0,5,0,8.6
funasshi,0,5,0,10
gabby chan anime,0,5,0,5.4
gabby daemons,0,5,0,6.6
gabbys daemons,0,5,0,9
gabu chan,0,5,0,7.6
gillian snatcher,0,5,0,4.8
gloria cyberpunk edgerunners,0,5,0,10.4
go woon true beauty,0,5,0,5
grashenka shoushou,0,5,0,5.4
guts character,0,5,0,30.4
hatsukoi no tonari,0,5,0,8.4
hibino kafka,0,5,0,37.4
hidenori,0,5,0,18
hisoka morow,0,5,0,25.8
hong ye seong hunter,0,5,0,4.8
housen classroom of the elite,0,5,0,11
how old is tome kurata,0,5,0,6.6
how tall is eris,0,5,0,9.6
how tall is genya shinazugawa,0,5,0,9.6
hwang solo leveling,0,5,0,28.2
iglaskar drama queen,0,5,0,7.4
integra hellsing gender,0,5,0,8.8
itami kaiju no 8,0,5,0,8.2
iura i am a hero,0,5,0,3.8
jagasaki,0,5,0,6.2
jay hong lookism height,0,5,0,7.8
ji dong,0,5,0,8
jjba oingo,0,5,0,15.4
jojo stroheim,0,5,0,9.6
kaien cross,0,5,0,6.8
kaiju no 8 characters mina,0,5,0,6.4
kawai a silent voice,0,5,0,12.8
ken tokyo ghoul,0,5,0,18.8
kingo manga,0,5,0,3.4
kogenta,0,5,0,8
kyoko i want to eat your pancreas,0,5,0,3.8
lagoon manhwa,0,5,0,8.2
longing for your rouge,0,5,0,5
lord gennon berserk,0,5,0,9
lord thanatos skeleton knight,0,5,0,7.4
lu chen manhwa,0,5,0,6.4
macho max manga,0,5,0,6.2
majikaja human,0,5,0,8.8
manhua,0,5,0,57
manhwa seon,0,5,0,4.2
mashimo sakamoto days,0,5,0,9.6
maybe meant to be characters,0,5,0,9
mio kusakai,0,5,0,4.2
my dearest self with malice aforethought kyouka,0,5,0,6.4
narnia koku monogatari,0,5,0,8.4
ojojojo,0,5,0,8.2
opera from welcome to demon school,0,5,0,6.4
orb jolenta,0,5,0,8.4
oscar soul land,0,5,0,8.4
park jongsoo,0,5,0,12.4
pheles shakugan no shana,0,5,0,4
pokemon adventures yellow,0,5,0,15.8
pokemon manga yellow,0,5,0,9
rafal orb on the movements of the earth,0,5,0,8.2
rafal orb: on the movements of the earth,0,5,0,8.8
ragna crimson leonica,0,5,0,9.8
read yakuza lover,0,5,0,22.8
reigen height,0,5,0,25.6
runcandel,0,5,0,8.6
sakamoto days heisuke,0,5,0,9.2
sakawa shizuku,0,5,0,5.6
sakurako the stranger by the beach,0,5,0,4.6
sapphire kawashima,0,5,0,6.4
shizu shidou,0,5,0,7.2
shizuku sakawa,0,5,0,7.2
silas karlisle,0,5,0,9.2
squala,0,5,0,7.2
subaru hoshina age,0,5,0,10
subaru in fragrant flower blooms with dignity,0,5,0,9.2
tanya the evil rudersdorf,0,5,0,7.6
tatsuya kaname,0,5,0,9.2
tencent86465,0,5,0,3.4
the apothecary diaries jinshi gender,0,5,0,9.8
the eminence in shadow claire,0,5,0,7.8
the faraway paladin reystov,0,5,0,8
the misfit of demon king academy anos voldigoad,0,5,0,9.8
the wrong way to use healing magic amako,0,5,0,5.2
the wrong way to use healing magic aul,0,5,0,8
tome kurata age,0,5,0,7.2
vampire knight manhwa,0,5,0,11.4
villainess level 99 yumiella,0,5,0,14.6
who invented odm gear,0,5,0,1.8
who is dadan in one piece,0,5,0,21.2
who is percival in seven deadly sins,0,5,0,9.2
wilhelm van astrea,0,5,0,21.2
will from wistoria,0,5,0,10.6
will serfort birthday,0,5,0,6.8
wolcott sia,0,5,0,3.6
yoshiki the summer hikaru died,0,5,0,17.4
yumiella dolkness age,0,5,0,8.8
yuri briar,0,5,0,42.6
yuru daemons of the shadow realm age,0,5,0,6.4
yuru from daemons of the shadow realm,0,5,0,10
yuuna kitamori,0,5,0,9
gravitation remix manga,3,4,0.75,4.75
team phoenix manga,2,4,0.5,4.25
damekko mii-chan,1,4,0.25,6.5
mizuryu kei souma,1,4,0.25,5.5
namuji,1,4,0.25,4.5
professor munakata manga,1,4,0.25,8.25
versus rinri,1,4,0.25,5.5
yakuza lover manga where to read,1,4,0.25,5.25
"%""jin seon"" ""glass eye""",0,4,0,4.25
agari from komi can't communicate,0,4,0,6.75
agharta manga,0,4,0,11.75
aiba liverleaf,0,4,0,6.5
ajin protagonist,0,4,0,11.25
akito souma,0,4,0,10.25
alexia manga,0,4,0,7.75
alicia sao,0,4,0,16.75
alma judikhali love interest,0,4,0,8.5
alma lepucius,0,4,0,6.25
amamiya reiji,0,4,0,5.5
anastacius who made me a princess,0,4,0,9.5
anos voldigoad (the misfit of demon king academy),0,4,0,8
anos voldigold,0,4,0,11.5
anos voldigord,0,4,0,10.75
arisu ryohei,0,4,0,11.25
audrey hall birthday,0,4,0,7.5
beatrice anime,0,4,0,8.75
beatrice umineko,0,4,0,9.25
belgrieve,0,4,0,4.5
beyblade x episode 134,0,4,0,25.5
black butler francis,0,4,0,10.75
black clover klaus,0,4,0,13
bomberman b-daman bakugaiden,0,4,0,31.5
brenda sonic,0,4,0,7.75
bum jae lookism,0,4,0,6.25
caesar zeppeli,0,4,0,34.5
charles choi lookism age,0,4,0,7
chihiro manga,0,4,0,28
claire kagenou age,0,4,0,7.25
daemons of the shadow realm fake asa,0,4,0,8.75
daemons of the shadow realm kagemori,0,4,0,9.25
daniel questism,0,4,0,7.5
darakuya store monogatari,0,4,0,9.5
date ippo,0,4,0,29.75
david martinez cyberpunk edgerunners,0,4,0,9.75
delta boruto two blue vortex,0,4,0,7.75
demon king anos voldigoad,0,4,0,10
dision,0,4,0,4.5
dmz plus,0,4,0,8
dorio edgerunners,0,4,0,8.5
dragul magi,0,4,0,7
eiji date age,0,4,0,10.5
emi igawa,0,4,0,9
eminence in shadow alpha,0,4,0,14.25
fan lingxiao,0,4,0,7
faraday cyberpunk edgerunners,0,4,0,18.75
fragrant flower blooms with dignity saku,0,4,0,11.5
fragrant flower blooms with dignity shohei,0,4,0,2.5
fragrant flower subaru,0,4,0,9.75
francis midford,0,4,0,9.5
from me to you kento,0,4,0,9
gabby chan daemon,0,4,0,5
gabi braun age,0,4,0,10.75
gabu-chan,0,4,0,6.5
galand seven deadly sins,0,4,0,9.75
gaoshun apothecary,0,4,0,24.25
genya demon slayer,0,4,0,31.5
genya shinazugawa height,0,4,0,8.75
georgi popovich,0,4,0,17
ghost in the cell manga,0,4,0,5
gin anime,0,4,0,9.25
giyu demon slayer,0,4,0,48.5
gloria cyberpunk: edgerunners,0,4,0,5
gloria edgerunners,0,4,0,15.25
god of wine manhwa,0,4,0,33.75
granart needakita,0,4,0,5.25
gyel balchad,0,4,0,4.5
hakurou,0,4,0,2.75
hanaba,0,4,0,6
hanazawa teruki,0,4,0,7.5
hannes,0,4,0,17
hannes aot,0,4,0,12.75
harumi araishu,0,4,0,8.75
hayato kirishima,0,4,0,8.75
henai manhwa,0,4,0,4.25
hiro hirono,0,4,0,2.5
hong yeseong,0,4,0,3.5
horangi deureowayo chapter 1,0,4,0,9.5
how old is gabby in daemons of the shadow realm,0,4,0,9.5
how old is klaus in black clover,0,4,0,7.25
how old is lady gyokuyou apothecary diaries,0,4,0,6.25
how old is lee sayoung,0,4,0,7.5
how old is ritsu mob psycho,0,4,0,9
how old is subaru hoshina,0,4,0,7.5
how old is yuri briar,0,4,0,21.75
how tall is jamil viper,0,4,0,6
how tall is veldora,0,4,0,5.75
ichiro miyata anime name,0,4,0,8.25
ilay bad born blood,0,4,0,8.5
imari youko,0,4,0,7.75
ininia witch hat atelier,0,4,0,8.5
integra hellsing manga,0,4,0,8.25
ioneos,0,4,0,8.5
iron michael baki,0,4,0,7.5
janus cascade,0,4,0,6.75
jin seon,0,4,0,8.5
jin seon bastard,0,4,0,4.5
jinpachi ego age,0,4,0,10.75
jolenta,0,4,0,6.75
judge gabranth,0,4,0,15.75
julius manga,0,4,0,7
kafka hibino,0,4,0,39
kafka hibino height,0,4,0,9.25
kagurabachi chihiro,0,4,0,17
kasaku,0,4,0,6.75
keel rising of the shield hero,0,4,0,26.25
kei nagai,0,4,0,10.25
keiji itami,0,4,0,8.75
ken kaneki tokyo ghoul,0,4,0,21
kento miura kimi ni todoke,0,4,0,7
kiichi someya,0,4,0,7.75
kimi wa beta,0,4,0,8.25
king gordon one piece,0,4,0,10
king julius black clover,0,4,0,8
kneki,0,4,0,11
kokoro ni yasashii,0,4,0,5.5
komachi hikigaya,0,4,0,31
komi can't communicate agari himiko,0,4,0,7.75
krious,0,4,0,5
kurobe anime character,0,4,0,8
kuroe akaishi edad,0,4,0,3.5
kyouka yukimura,0,4,0,7
kyouka yukimura manga,0,4,0,6.75
lancelot rising impact,0,4,0,4.25
lapis manhwa,0,4,0,5.75
lilian bad born blood,0,4,0,3.5
lina davis heroman,0,4,0,3
longing for your rouge manga,0,4,0,4.25
lookism charles,0,4,0,7.5
lookism charles choi,0,4,0,9.5
lorna endou,0,4,0,6.5
lucius oriflamme,0,4,0,7.5
macho max,0,4,0,4.25
made in abyss leader,0,4,0,9.25
maki yuuta the summer hikaru died,0,4,0,8
mangashi,0,4,0,7.25
mangashii,0,4,0,2
manhwa manga xxx,0,4,0,8
maria campbell villainess,0,4,0,10.5
marlene angel,0,4,0,8
matsuri boruto,0,4,0,9.25
melheis,0,4,0,9.75
mii chan and miss yamada read online english,0,4,0,4.75
milo moriarty,0,4,0,8.25
mina ashiro kaiju no8,0,4,0,8.5
misfit of demon king academy anos,0,4,0,9.75
miyagi shiori manga,0,4,0,7.75
mob psycho teruki,0,4,0,8.5
mogi death note,0,4,0,6.75
monster musume lala,0,4,0,11
mori manga,0,4,0,7
nerobasta seven deadly sins,0,4,0,9.25
nobisuke,0,4,0,11.25
noel manhwa,0,4,0,6.5
oingo,0,4,0,6.25
olruggio birthday and age,0,4,0,9.25
onimusha manga read online,0,4,0,9
onmyou taisenki kogenta,0,4,0,4.75
opera welcome to demon school iruma-kun,0,4,0,7.5
orange amber rainbow bubblegem,0,4,0,8.25
orb on the movements of the earth oczy,0,4,0,4.75
orb the movements of the earth rafal,0,4,0,7.5
orb: on the movements of the earth rafal,0,4,0,8
oswald grimsarde,0,4,0,7.25
ova manhwa,0,4,0,10
overgrown pochi,0,4,0,9.5
overlord butler,0,4,0,7.25
pandora hearts oz vessalius,0,4,0,8.25
percival the seven deadly sins: four knights of the apocalypse,0,4,0,6.25
petra re zero age,0,4,0,8.5
poe bsd age,0,4,0,10.75
poe bsd height,0,4,0,9
princess princess (manga),0,4,0,7.25
rafael orb,0,4,0,7
rainbow bubblegem orange amber,0,4,0,12
reigen arataka height,0,4,0,10.25
riku,0,4,0,10.5
ritsu kageyama,0,4,0,17.5
roselle gustav,0,4,0,13.5
roselle manga,0,4,0,7
rozen maiden suiseiseki,0,4,0,10.25
rua takayashiki,0,4,0,2.75
ryusuke domon,0,4,0,5.5
sabnock sabro,0,4,0,8.5
sabro sabnock,0,4,0,7
saku fragrant flower full name,0,4,0,7.75
sao alicia rue,0,4,0,5.5
sapphie jewelpet,0,4,0,8
satoru one punch man,0,4,0,7.5
sebastian overlord,0,4,0,18.75
shadow garden alpha,0,4,0,16
sheila hxh,0,4,0,7.5
shibusawa bsd,0,4,0,11.5
shinazugawa demon slayer,0,4,0,9.25
shohei tffbwd,0,4,0,9.5
shohei usami,0,4,0,8
sia wolcot,0,4,0,1.75
silva hxh,0,4,0,8.5
silva zoldyck manga,0,4,0,9.25
silvia kindergarten wars,0,4,0,3.75
slime tear,0,4,0,8.25
sneck opm,0,4,0,7.75
sonic paulie brenda,0,4,0,8.5
sounds of earth uma musume,0,4,0,15.75
subaru fragrant flower blooms with dignity,0,4,0,9
subaru tffbwd,0,4,0,10.5
sumireko ogawa manga,0,4,0,7.25
sunao usami,0,4,0,3.5
tamanawa,0,4,0,7.5
tanya rudersdorf,0,4,0,9.25
tarta witch hat atelier,0,4,0,7.75
the fragrant flower blooms with dignity shohei,0,4,0,5.5
the fragrant flower blooms with dignity subaru,0,4,0,9.5
the misfit of demon king academy misa,0,4,0,8.75
the most notorious talker main character,0,4,0,8.75
the most notorious talker noel,0,4,0,7.75
the most notorious talker runs the world's greatest clan alma,0,4,0,4.75
the muscle girl next door online manga,0,4,0,5
the summer hikaru died asako,0,4,0,9.25
the unparalleled black and white where to watch,0,4,0,6.25
tokyo ghoul ken,0,4,0,34.75
tome mob psycho 100,0,4,0,9
tonikawa nakiri,0,4,0,8.5
tsukuyo aoba,0,4,0,4.5
tsuyoshi kinugawa,0,4,0,4.75
twilight of desire,0,4,0,6.5
veldora age,0,4,0,6.25
veldora tempest height,0,4,0,10
what school did david martinez go to,0,4,0,9.5
where to watch uma musume pretty derby,0,4,0,11
who is lakan in apothecary diaries,0,4,0,8.75
who is percival seven deadly sins,0,4,0,9.75
who is roswaal re zero,0,4,0,9.25
will serfort age,0,4,0,9
witch hat alaira,0,4,0,9.5
witch hat atelier tarta,0,4,0,7
witch hat atelier tetia,0,4,0,25.25
xenophon harkimo,0,4,0,5
xia mi dragon raja,0,4,0,9.5
yeo un my bias,0,4,0,9.75
yosano akiko,0,4,0,55
